{
	"info": {
		"_postman_id": "1b8d3524-7e0d-40d8-956f-e6c3b681961e",
		"name": "Serviço_Cognitivo_do_Azure",
		"schema": "https://schema.getpostman.com/json/collection/v2.1.0/collection.json",
		"_exporter_id": "18030467"
	},
	"item": [
		{
			"name": "Detectar PII (informações de identificação pessoal)",
			"request": {
				"auth": {
					"type": "noauth"
				},
				"method": "POST",
				"header": [
					{
						"key": "Content-Type",
						"value": "application/json",
						"type": "text"
					},
					{
						"key": "Ocp-Apim-Subscription-Key",
						"value": "db31f8a7db3a43bc870b5a75ad45fd2a",
						"type": "text"
					}
				],
				"body": {
					"mode": "raw",
					"raw": "{ \r\n \"documents\": \r\n    [\r\n        { \r\n            \"id\": \"1\", \r\n            \"text\": \"Gostaria que todos ficassem sabendo que a Mag seguros age com tremenda falta de respeito com o cliente. Pensem muito antes de fechar esse seguro. O problema começa quando vc fica incapacitado para trabalhar, eles começam a tentar enrolar de uma tal forma, achar brechas para não pagar o segurado, mesmo diante de todos os exames de ressonância magnética e laudo médico. Minha advogada pediu para tentar resolver administrativamente até hoje, mas cada vez que ligo para ouvidoria a equipe médica da uma desculpa diferente, uma vez é o sistema, outra vez é o horário, enfim, muitas mentiras. Hoje esgotou as tratativas com eles e estamos tomando as medidas cabíveis. Não façam esse seguro é muito aborrecimento.\"\r\n}\r\n]\r\n}",
					"options": {
						"raw": {
							"language": "json"
						}
					}
				},
				"url": {
					"raw": "https://analisedetextomag.cognitiveservices.azure.com/text/analytics/v3.1/entities/recognition/pii",
					"protocol": "https",
					"host": [
						"analisedetextomag",
						"cognitiveservices",
						"azure",
						"com"
					],
					"path": [
						"text",
						"analytics",
						"v3.1",
						"entities",
						"recognition",
						"pii"
					]
				}
			},
			"response": []
		},
		{
			"name": "Resumo de Texto - (teste)",
			"request": {
				"auth": {
					"type": "noauth"
				},
				"method": "POST",
				"header": [
					{
						"key": "Content-Type",
						"value": "application/json",
						"type": "text"
					},
					{
						"key": "Ocp-Apim-Subscription-Key",
						"value": "db31f8a7db3a43bc870b5a75ad45fd2a",
						"type": "text"
					}
				],
				"body": {
					"mode": "raw",
					"raw": "{\r\n  \"analysisInput\": {\r\n    \"documents\": [\r\n      {\r\n        \"language\": \"en\",\r\n        \"id\": \"1\",\r\n        \"text\": \"At Microsoft, we have been on a quest to advance AI beyond existing techniques, by taking a more holistic, human-centric approach to learning and understanding. As Chief Technology Officer of Azure AI Cognitive Services, I have been working with a team of amazing scientists and engineers to turn this quest into a reality. In my role, I enjoy a unique perspective in viewing the relationship among three attributes of human cognition: monolingual text (X), audio or visual sensory signals, (Y) and multilingual (Z). At the intersection of all three, there’s magic—what we call XYZ-code as illustrated in Figure 1—a joint representation to create more powerful AI that can speak, hear, see, and understand humans better. We believe XYZ-code will enable us to fulfill our long-term vision: cross-domain transfer learning, spanning modalities and languages. The goal is to have pretrained models that can jointly learn representations to support a broad range of downstream AI tasks, much in the way humans do today. Over the past five years, we have achieved human performance on benchmarks in conversational speech recognition, machine translation, conversational question answering, machine reading comprehension, and image captioning. These five breakthroughs provided us with strong signals toward our more ambitious aspiration to produce a leap in AI capabilities, achieving multisensory and multilingual learning that is closer in line with how humans learn and understand. I believe the joint XYZ-code is a foundational component of this aspiration, if grounded with external knowledge sources in the downstream AI tasks.\"\r\n      }\r\n    ]\r\n  },\r\n  \"tasks\": {\r\n    \"extractiveSummarizationTasks\": [\r\n      {\r\n        \"parameters\": {\r\n          \"model-version\": \"latest\",\r\n          \"sentenceCount\": 3,\r\n          \"sortBy\": \"Offset\"\r\n        }\r\n      }\r\n    ]\r\n  }\r\n}",
					"options": {
						"raw": {
							"language": "json"
						}
					}
				},
				"url": {
					"raw": "https://analisedetextomag.cognitiveservices.azure.com/text/analytics/v3.2-preview.1/analyze",
					"protocol": "https",
					"host": [
						"analisedetextomag",
						"cognitiveservices",
						"azure",
						"com"
					],
					"path": [
						"text",
						"analytics",
						"v3.2-preview.1",
						"analyze"
					]
				}
			},
			"response": []
		},
		{
			"name": "Vinculação de entidade",
			"request": {
				"auth": {
					"type": "noauth"
				},
				"method": "POST",
				"header": [
					{
						"key": "Content-Type",
						"value": "application/json",
						"type": "text"
					},
					{
						"key": "Ocp-Apim-Subscription-Key",
						"value": "db31f8a7db3a43bc870b5a75ad45fd2a",
						"type": "text"
					}
				],
				"body": {
					"mode": "raw",
					"raw": "{ \r\n \"documents\": \r\n    [\r\n        { \r\n            \"id\": \"1\", \r\n            \"text\": \"Gostaria que todos ficassem sabendo que a Mag seguros age com tremenda falta de respeito com o cliente. Pensem muito antes de fechar esse seguro. O problema começa quando vc fica incapacitado para trabalhar, eles começam a tentar enrolar de uma tal forma, achar brechas para não pagar o segurado, mesmo diante de todos os exames de ressonância magnética e laudo médico. Minha advogada pediu para tentar resolver administrativamente até hoje, mas cada vez que ligo para ouvidoria a equipe médica da uma desculpa diferente, uma vez é o sistema, outra vez é o horário, enfim, muitas mentiras. Hoje esgotou as tratativas com eles e estamos tomando as medidas cabíveis. Não façam esse seguro é muito aborrecimento.\"\r\n}\r\n]\r\n}",
					"options": {
						"raw": {
							"language": "json"
						}
					}
				},
				"url": {
					"raw": "https://analisedetextomag.cognitiveservices.azure.com/text/analytics/v3.1/entities/linking",
					"protocol": "https",
					"host": [
						"analisedetextomag",
						"cognitiveservices",
						"azure",
						"com"
					],
					"path": [
						"text",
						"analytics",
						"v3.1",
						"entities",
						"linking"
					]
				}
			},
			"response": []
		},
		{
			"name": "Detecção de Idioma",
			"request": {
				"auth": {
					"type": "noauth"
				},
				"method": "POST",
				"header": [
					{
						"key": "Content-Type",
						"value": "application/json",
						"type": "text"
					},
					{
						"key": "Ocp-Apim-Subscription-Key",
						"value": "db31f8a7db3a43bc870b5a75ad45fd2a",
						"type": "text"
					}
				],
				"body": {
					"mode": "raw",
					"raw": "{ \r\n \"documents\": \r\n    [\r\n        { \r\n            \"id\": \"1\", \r\n            \"text\": \"Gostaria que todos ficassem sabendo que a Mag seguros age com tremenda falta de respeito com o cliente. Pensem muito antes de fechar esse seguro. O problema começa quando vc fica incapacitado para trabalhar, eles começam a tentar enrolar de uma tal forma, achar brechas para não pagar o segurado, mesmo diante de todos os exames de ressonância magnética e laudo médico. Minha advogada pediu para tentar resolver administrativamente até hoje, mas cada vez que ligo para ouvidoria a equipe médica da uma desculpa diferente, uma vez é o sistema, outra vez é o horário, enfim, muitas mentiras. Hoje esgotou as tratativas com eles e estamos tomando as medidas cabíveis. Não façam esse seguro é muito aborrecimento.\"\r\n}\r\n]\r\n}",
					"options": {
						"raw": {
							"language": "json"
						}
					}
				},
				"url": {
					"raw": "https://analisedetextomag.cognitiveservices.azure.com/text/analytics/v3.1/languages/",
					"protocol": "https",
					"host": [
						"analisedetextomag",
						"cognitiveservices",
						"azure",
						"com"
					],
					"path": [
						"text",
						"analytics",
						"v3.1",
						"languages",
						""
					]
				}
			},
			"response": []
		},
		{
			"name": "Análise de sentimento e mineração de opiniões",
			"request": {
				"auth": {
					"type": "noauth"
				},
				"method": "POST",
				"header": [
					{
						"key": "Content-Type",
						"value": "application/json",
						"type": "text"
					},
					{
						"key": "Ocp-Apim-Subscription-Key",
						"value": "db31f8a7db3a43bc870b5a75ad45fd2a",
						"type": "text"
					}
				],
				"body": {
					"mode": "raw",
					"raw": "{ \r\n \"documents\": \r\n    [\r\n        { \r\n            \"id\": \"1\", \r\n            \"text\": \"Gostaria que todos ficassem sabendo que a Mag seguros age com tremenda falta de respeito com o cliente. Pensem muito antes de fechar esse seguro. O problema começa quando vc fica incapacitado para trabalhar, eles começam a tentar enrolar de uma tal forma, achar brechas para não pagar o segurado, mesmo diante de todos os exames de ressonância magnética e laudo médico. Minha advogada pediu para tentar resolver administrativamente até hoje, mas cada vez que ligo para ouvidoria a equipe médica da uma desculpa diferente, uma vez é o sistema, outra vez é o horário, enfim, muitas mentiras. Hoje esgotou as tratativas com eles e estamos tomando as medidas cabíveis. Não façam esse seguro é muito aborrecimento.\"\r\n}\r\n]\r\n}",
					"options": {
						"raw": {
							"language": "json"
						}
					}
				},
				"url": {
					"raw": "https://analisedetextomag.cognitiveservices.azure.com/text/analytics/v3.2-preview.1/sentiment?opinionMining=true",
					"protocol": "https",
					"host": [
						"analisedetextomag",
						"cognitiveservices",
						"azure",
						"com"
					],
					"path": [
						"text",
						"analytics",
						"v3.2-preview.1",
						"sentiment"
					],
					"query": [
						{
							"key": "opinionMining",
							"value": "true"
						}
					]
				}
			},
			"response": []
		},
		{
			"name": "Detectando entidades nomeadas (NER)",
			"request": {
				"auth": {
					"type": "noauth"
				},
				"method": "POST",
				"header": [
					{
						"key": "Content-Type",
						"value": "application/json",
						"type": "text"
					},
					{
						"key": "Ocp-Apim-Subscription-Key",
						"value": "db31f8a7db3a43bc870b5a75ad45fd2a",
						"type": "text"
					}
				],
				"body": {
					"mode": "raw",
					"raw": "{ \r\n \"documents\": \r\n    [\r\n        { \r\n            \"id\": \"1\", \r\n            \"text\": \"Gostaria que todos ficassem sabendo que a Mag seguros age com tremenda falta de respeito com o cliente. Pensem muito antes de fechar esse seguro. O problema começa quando vc fica incapacitado para trabalhar, eles começam a tentar enrolar de uma tal forma, achar brechas para não pagar o segurado, mesmo diante de todos os exames de ressonância magnética e laudo médico. Minha advogada pediu para tentar resolver administrativamente até hoje, mas cada vez que ligo para ouvidoria a equipe médica da uma desculpa diferente, uma vez é o sistema, outra vez é o horário, enfim, muitas mentiras. Hoje esgotou as tratativas com eles e estamos tomando as medidas cabíveis. Não façam esse seguro é muito aborrecimento.\"\r\n}\r\n]\r\n}",
					"options": {
						"raw": {
							"language": "json"
						}
					}
				},
				"url": {
					"raw": "https://analisedetextomag.cognitiveservices.azure.com/text/analytics/v3.1/languages",
					"protocol": "https",
					"host": [
						"analisedetextomag",
						"cognitiveservices",
						"azure",
						"com"
					],
					"path": [
						"text",
						"analytics",
						"v3.1",
						"languages"
					]
				}
			},
			"response": []
		},
		{
			"name": "Extração de Frases-chave",
			"request": {
				"auth": {
					"type": "noauth"
				},
				"method": "POST",
				"header": [
					{
						"key": "Content-Type",
						"value": "application/json",
						"type": "text"
					},
					{
						"key": "Ocp-Apim-Subscription-Key",
						"value": "db31f8a7db3a43bc870b5a75ad45fd2a",
						"type": "text"
					}
				],
				"body": {
					"mode": "raw",
					"raw": "{ \r\n \"documents\": \r\n    [\r\n        { \r\n            \"id\": \"1\", \r\n            \"text\": \"Gostaria que todos ficassem sabendo que a Mag seguros age com tremenda falta de respeito com o cliente. Pensem muito antes de fechar esse seguro. O problema começa quando vc fica incapacitado para trabalhar, eles começam a tentar enrolar de uma tal forma, achar brechas para não pagar o segurado, mesmo diante de todos os exames de ressonância magnética e laudo médico. Minha advogada pediu para tentar resolver administrativamente até hoje, mas cada vez que ligo para ouvidoria a equipe médica da uma desculpa diferente, uma vez é o sistema, outra vez é o horário, enfim, muitas mentiras. Hoje esgotou as tratativas com eles e estamos tomando as medidas cabíveis. Não façam esse seguro é muito aborrecimento.\"\r\n}\r\n]\r\n}",
					"options": {
						"raw": {
							"language": "json"
						}
					}
				},
				"url": {
					"raw": "https://analisedetextomag.cognitiveservices.azure.com/text/analytics/v3.1/keyPhrases",
					"protocol": "https",
					"host": [
						"analisedetextomag",
						"cognitiveservices",
						"azure",
						"com"
					],
					"path": [
						"text",
						"analytics",
						"v3.1",
						"keyPhrases"
					]
				}
			},
			"response": []
		}
	]
}